{
 "source": "data/divination_joined.json（玩運彩台盤線 × MLB 官方比分；例行賽已完賽）",
 "computedAt": "2026-07-06T13:13:43.578Z",
 "note": "求籤臂 p₀ 認證用。讓分實際結算依 D5 v0.2 來源鏈（盤面優先）；此處以台盤歷史線估 favorite-cover 基準，開盒敏感度分析覆核。",
 "totals": {
  "n": 16338,
  "overRate": 0.4927775737544375
 },
 "ml": {
  "n": 16617,
  "homeWinRate": 0.5315038815670698
 },
 "hd": {
  "n": 16252,
  "favCoverRate": 0.4296701944376077
 }
}