{
 "params": {
  "N0": 5,
  "HFA": 2.5,
  "SIGMA": 14
 },
 "engineMAE": 0.4913657237128441,
 "testEval": {
  "brier": 0.19251440724608507,
  "acc": 0.7189014539579968,
  "n": 619
 },
 "buckets": {
  "60-70%": {
   "n": 344,
   "hit": 230
  },
  "70-80%": {
   "n": 274,
   "hit": 213
  },
  "50-60%": {
   "n": 405,
   "hit": 238
  },
  "80-90%": {
   "n": 139,
   "hit": 116
  },
  "90-100%": {
   "n": 20,
   "hit": 17
  }
 },
 "market": {
  "n": 1168,
  "modelMAE": 11.501600986423593,
  "marketMAE": 10.866866438356164,
  "modelAcc": 0.690068493150685,
  "marketAcc": 0.7011986301369864
 }
}