{
 "prior": {
  "LAL": 0.7703222827543222,
  "HOU": 1.780761608882257,
  "OKC": 10.62434463008356,
  "GSW": 3.4325638042713944,
  "SAS": -0.7372410562926165,
  "PHI": -4.261091749999818,
  "MIL": 2.378796014451805,
  "MIN": 3.173611901196301,
  "NYK": 1.5181963293144605,
  "SAC": -0.5279346932702152,
  "NOP": -5.27397970034329,
  "CHI": 0.19356697773880863,
  "UTA": -5.641073135726239,
  "MIA": 0.5565826512453962,
  "CLE": 6.20505248246852,
  "MEM": 2.482772787464113,
  "DAL": -0.19416747591362205,
  "TOR": -3.885680931231379,
  "DET": 0.8991973120413862,
  "WAS": -7.920079082288563,
  "PHX": -1.3933769734883503,
  "ORL": 0.0019308837934306914,
  "ATL": 0.803179799454675,
  "BOS": 5.129372609444059,
  "POR": -1.5735537178008985,
  "CHA": -5.749096401746165,
  "LAC": 1.5983059919096148,
  "BKN": -2.2395561766914716,
  "DEN": 0.8997612899828085,
  "IND": 1.7877148878297104
 },
 "out": {
  "priorSample": "OKC:10.6 CLE:6.2 BOS:5.1 GSW:3.4 MIN:3.2 MEM:2.5 MIL:2.4 IND:1.8 HOU:1.8 LAC:1.6 NYK:1.5 DEN:0.9 DET:0.9 ATL:0.8 LAL:0.8 MIA:0.6 CHI:0.2 ORL:0.0 DAL:-0.2 SAC:-0.5 SAS:-0.7 PHX:-1.4 POR:-1.6 BKN:-2.2 TOR:-3.9 PHI:-4.3 NOP:-5.3 UTA:-5.6 CHA:-5.7 WAS:-7.9",
  "N0=5": {
   "素板": {
    "brier": 0.2054,
    "acc": 68.5,
    "n": 232
   },
   "陣容先驗": {
    "brier": 0.198,
    "acc": 68.5,
    "n": 232
   }
  },
  "N0=10": {
   "素板": {
    "brier": 0.2095,
    "acc": 67.2,
    "n": 232
   },
   "陣容先驗": {
    "brier": 0.1989,
    "acc": 71.6,
    "n": 232
   }
  },
  "N0=15": {
   "素板": {
    "brier": 0.2139,
    "acc": 65.5,
    "n": 232
   },
   "陣容先驗": {
    "brier": 0.2012,
    "acc": 68.5,
    "n": 232
   }
  }
 }
}